-- ============================================================
-- 数据初始化脚本
-- 用途：清空所有业务表 + 插入模拟数据（全功能测试验收）
-- 执行方式：mysql -u root -p financial_reporting < data_init.sql
-- ============================================================

USE financial_reporting;

-- ============================================================
-- 第一部分：清空所有业务表（按外键依赖顺序，先清子表再清父表）
-- ============================================================

-- 报表相关（有外键关联的先清）
TRUNCATE TABLE expense_item;
TRUNCATE TABLE income_item;
TRUNCATE TABLE daily_ledger;

-- 教练相关
TRUNCATE TABLE coach_stat;
TRUNCATE TABLE coach_salary;
TRUNCATE TABLE course;

-- 日常报表
TRUNCATE TABLE teaching_diary;
TRUNCATE TABLE daily_expense;
TRUNCATE TABLE trial_class;
TRUNCATE TABLE coach_leave;

-- 主表
TRUNCATE TABLE member;
TRUNCATE TABLE coach;
TRUNCATE TABLE salary_structure;

-- 导入表
TRUNCATE TABLE import_member;
TRUNCATE TABLE import_booking;

-- ============================================================
-- 第二部分：插入模拟数据
-- ============================================================

-- ------------------------------------------------------------
-- 1. 工资结构（薪资项）
-- ------------------------------------------------------------
INSERT INTO salary_structure (component, sort_order) VALUES
('基本薪资', 1),
('财务补贴', 2),
('店长补贴', 3),
('课时补贴', 4),
('全勤奖', 5),
('绩效奖金', 6),
('耗课率', 7),
('考勤', 8),
('平均耗课数', 9),
('体验课课时费(包含加油包)', 10),
('销提', 11),
('总课价', 12),
('总课时数', 13);

-- ------------------------------------------------------------
-- 2. 教练
-- ------------------------------------------------------------
INSERT INTO coach (name, phone, qualification, store_name, hourly_rate, share_ratio, status) VALUES
('Jay', NULL, NULL, NULL, NULL, 50.00, 1),
('怪兽', NULL, NULL, NULL, NULL, 50.00, 1),
('洋洋', NULL, NULL, NULL, NULL, 50.00, 1),
('陶斯遥', NULL, NULL, NULL, NULL, 50.00, 1),
('东冬', NULL, NULL, NULL, NULL, 50.00, 1),
('阿荣', NULL, NULL, NULL, NULL, 50.00, 1),
('萝卜', NULL, NULL, NULL, NULL, 50.00, 1);

-- ------------------------------------------------------------
-- 3. 会员
-- ------------------------------------------------------------
INSERT INTO member (card_name, phone, name_remark, coach, remark, prev_init_hours, month_new_hours, month_used_hours, remain_hours, churn_note) VALUES
('张三-年卡', '13900139001', '张三', '张教练', 'VIP客户', 20, 10, 8, 22, NULL),
('李四-季卡', '13900139002', '李四', '张教练', NULL, 15, 5, 12, 8, NULL),
('王五-月卡', '13900139003', '王五', '李教练', '新会员', 0, 20, 15, 5, NULL),
('赵六-次卡', '13900139004', '赵六', '王教练', NULL, 10, 0, 10, 0, '课时用完'),
('钱七-年卡', '13900139005', '钱七', '李教练', '老会员', 50, 0, 5, 45, NULL),
('孙八-季卡', '13900139006', '孙八', '赵教练', NULL, 30, 10, 20, 20, NULL),
('周九-月卡', '13900139007', '周九', '张教练', '体验转正', 0, 30, 25, 5, NULL),
('吴十-次卡', '13900139008', '吴十', '王教练', NULL, 5, 5, 8, 2, NULL);

-- ------------------------------------------------------------
-- 4. 课程（2026年4月）
-- ------------------------------------------------------------
INSERT INTO course (coach_id, name, description, start_time, end_time, duration, max_students, course_value, status) VALUES
(1, '健身私教课', '一对一私教', '2026-04-01 09:00:00', '2026-04-01 10:00:00', 60, 1, 200.00, 2),
(1, '健身私教课', '一对一私教', '2026-04-02 10:00:00', '2026-04-02 11:00:00', 60, 1, 200.00, 2),
(1, '健身团课', '小团体课', '2026-04-03 14:00:00', '2026-04-03 15:00:00', 60, 6, 300.00, 2),
(2, '瑜伽基础班', '适合初学者', '2026-04-01 18:00:00', '2026-04-01 19:00:00', 60, 10, 150.00, 2),
(2, '瑜伽进阶班', '中级难度', '2026-04-02 18:00:00', '2026-04-02 19:30:00', 90, 8, 200.00, 2),
(3, '游泳初级班', '零基础教学', '2026-04-05 10:00:00', '2026-04-05 11:00:00', 60, 4, 180.00, 2),
(3, '游泳提高班', '进阶技巧', '2026-04-06 10:00:00', '2026-04-06 11:00:00', 60, 4, 200.00, 2),
(4, '拳击体验课', '体验课', '2026-04-07 15:00:00', '2026-04-07 16:00:00', 60, 2, 100.00, 2),
(1, '健身私教课', '一对一私教', '2026-04-10 09:00:00', '2026-04-10 10:00:00', 60, 1, 200.00, 1),
(2, '瑜伽晨练', '早起瑜伽', '2026-04-10 07:00:00', '2026-04-10 08:00:00', 60, 15, 100.00, 1);

-- ------------------------------------------------------------
-- 5. 教练薪资
-- ------------------------------------------------------------
INSERT INTO coach_salary (coach_id, salary_item_id, amount) VALUES
(1, 1, '5000'),
(1, 2, '500'),
(1, 3, '1500'),
(2, 1, '4500'),
(2, 2, '300'),
(2, 3, '1200'),
(3, 1, '4800'),
(3, 3, '1000'),
(4, 1, '5200'),
(4, 4, '200');

-- ------------------------------------------------------------
-- 8. 授课日记
-- ------------------------------------------------------------
INSERT INTO teaching_diary (coach_id, coach_name, course_name, class_date, start_time, duration, students, unit_value, remark) VALUES
(1, '张教练', '健身私教', '2026-04-01', '09:00:00', 60, 1, 200.00, '学员状态良好'),
(1, '张教练', '健身团课', '2026-04-03', '14:00:00', 60, 3, 300.00, NULL),
(2, '李教练', '瑜伽基础班', '2026-04-01', '18:00:00', 60, 2, 150.00, '新学员加入'),
(2, '李教练', '瑜伽进阶班', '2026-04-02', '18:00:00', 90, 1, 200.00, NULL),
(3, '王教练', '游泳初级班', '2026-04-05', '10:00:00', 60, 2, 180.00, '水温适宜'),
(3, '王教练', '游泳提高班', '2026-04-06', '10:00:00', 60, 1, 200.00, NULL),
(4, '赵教练', '拳击体验课', '2026-04-07', '15:00:00', 60, 1, 100.00, '体验课');

-- ------------------------------------------------------------
-- 9. 日常开支
-- ------------------------------------------------------------
INSERT INTO daily_expense (expense_date, expense_type, project, amount, remark) VALUES
('2026-04-01', '房租', '门店租金', 15000.00, '4月份房租'),
('2026-04-02', '水电', '水电费', 800.00, '3月份水电'),
('2026-04-03', '器材', '瑜伽垫采购', 500.00, '新购10张'),
('2026-04-05', '宣传', '广告投放', 2000.00, '朋友圈广告'),
('2026-04-08', '办公', '办公用品', 300.00, '打印纸、笔'),
('2026-04-10', '维修', '空调维修', 600.00, '分店A空调');

-- ------------------------------------------------------------
-- 10. 体验课
-- ------------------------------------------------------------
INSERT INTO trial_class (class_date, trial_type, student_name, source, unit_value, coach_name, remark, status) VALUES
('2026-04-02', '健身体验', '陈一', '大众点评', 50.00, '张教练', NULL, 3),
('2026-04-03', '瑜伽体验', '林二', '朋友推荐', 50.00, '李教练', NULL, 2),
('2026-04-05', '游泳体验', '黄三', '抖音', 60.00, '王教练', NULL, 3),
('2026-04-07', '拳击体验', '杨四', '美团', 80.00, '赵教练', NULL, 2),
('2026-04-10', '健身体验', '郑五', '线下推广', 50.00, '张教练', NULL, 1),
('2026-04-10', '瑜伽体验', '何六', '老会员推荐', 50.00, '李教练', NULL, 4);

-- ------------------------------------------------------------
-- 11. 请假记录
-- ------------------------------------------------------------
INSERT INTO coach_leave (coach_id, coach_name, leave_month, leave_days, remark) VALUES
(1, '张教练', '2026-04', 1.0, '事假'),
(2, '李教练', '2026-04', 0.5, '病假'),
(3, '王教练', '2026-04', 2.0, '年假'),
(4, '赵教练', '2026-04', 0.0, NULL);

-- ------------------------------------------------------------
-- 12. 财务月报（2026-03月，作为上月数据）
-- ------------------------------------------------------------
INSERT INTO daily_ledger (ledger_month, remark, net_profit, total_class_price, trial_class_price, coach_salary, cash_outflow, refund_fee, company_account, prev_balance, course_sales, other_income, expenditure, bank_transfer) VALUES
('2026-03', '3月份财务月报', 25000.00, 35000.00, 3000.00, 18000.00, 20000.00, 500.00, '招商银行****1234', 50000.00, 40000.00, 2000.00, 19200.00, 10000.00);

-- ------------------------------------------------------------
-- 13. 导入表模拟数据（import_member）
-- ------------------------------------------------------------
INSERT INTO import_member (card_name, phone, name_remark, coach, remark, prev_init_hours, month_new_hours, month_used_hours, remain_hours, churn_note) VALUES
('导入会员A', '13900139011', '会员A', '张教练', '导入测试', 10, 5, 3, 12, NULL),
('导入会员B', '13900139012', '会员B', '李教练', NULL, 20, 10, 15, 15, NULL),
('导入会员C', '13900139013', '会员C', '王教练', 'VIP', 30, 0, 10, 20, NULL);

-- ------------------------------------------------------------
-- 14. 导入表模拟数据（import_booking）
-- ------------------------------------------------------------
INSERT INTO import_booking (coach_name, course_name, class_date, class_time, max_students, member_name, member_card, course_value, solo_fee) VALUES
('张教练', '健身私教', '2026-04-15', '09:00', 1, '导入会员A', '导入会员A', 200.00, 0.00),
('李教练', '瑜伽课', '2026-04-15', '18:00', 10, '导入会员B', '导入会员B', 150.00, 50.00),
('王教练', '游泳课', '2026-04-16', '10:00', 4, '导入会员C', '导入会员C', 180.00, 0.00),
('张教练', '体验课', '2026-04-16', '14:00', 2, '体验学员D', '', 50.00, 50.00);

-- ============================================================
-- 完成
-- ============================================================
SELECT '数据初始化完成！' AS message;
SELECT '教练' AS 表名, COUNT(*) AS 记录数 FROM coach
UNION ALL SELECT '会员', COUNT(*) FROM member
UNION ALL SELECT '课程', COUNT(*) FROM course
UNION ALL SELECT '授课日记', COUNT(*) FROM teaching_diary
UNION ALL SELECT '日常开支', COUNT(*) FROM daily_expense
UNION ALL SELECT '体验课', COUNT(*) FROM trial_class
UNION ALL SELECT '请假', COUNT(*) FROM coach_leave
UNION ALL SELECT '导入会员', COUNT(*) FROM import_member
UNION ALL SELECT '导入约课', COUNT(*) FROM import_booking;
